{
    "episode_rewards": [
        2.1020032940727975,
        0.8429981270443024,
        1.55419375398268,
        1.1473019262796091,
        2.3996668728127317,
        1.5698005459379603,
        2.4334181304294993,
        1.5166785833079353,
        1.0272485928946093,
        0.8353743288176702,
        1.2018374909984582,
        1.0286446476750322,
        1.513110777359874,
        1.664721461802325,
        2.3930567572245582,
        2.3262514866659902,
        1.3227341396802739,
        1.5942043149796343,
        1.5404684032007556,
        2.0226640331002117,
        2.1489958286155195,
        2.184783126033668,
        2.7816703785630796,
        2.5291904438859305,
        2.9854527767804186,
        2.6490231956326338,
        3.4149935178027206,
        3.573098384177076,
        3.2350431929264305,
        2.688930980547337,
        3.3173517445066745,
        4.228935046309793,
        3.970601020747626,
        4.3441431839635225,
        4.718077361889142,
        4.277109613047965,
        4.503317535379963,
        4.345129926406154,
        4.409327610824785,
        4.302066361358086,
        4.1612917162074625,
        3.905793132709254,
        4.104156742356534,
        4.604011565514614,
        4.569563974878273,
        4.599207067190871,
        4.884065503180741,
        4.539474451205966,
        3.883180347987415,
        4.059483859969442
    ],
    "portfolio_values": [
        610177.5914968362,
        163038.254124523,
        387427.61173165706,
        223222.2137190727,
        858517.8948019505,
        329695.16486518236,
        808547.9207270531,
        321388.3392614463,
        236002.48836106653,
        151254.79033568248,
        217411.34556718633,
        223678.90518696845,
        349275.67582440475,
        397950.6574661909,
        822259.162929566,
        743097.5589908811,
        281502.80166284164,
        372375.4292338879,
        343555.84919294855,
        556873.5822157817,
        598860.0095708251,
        643135.6514300958,
        1226808.9651107367,
        945514.3099723475,
        1518976.3468515293,
        1168614.0808068498,
        2527799.741637748,
        2972883.8839496453,
        1951010.6973487758,
        1239510.171867861,
        2143442.047979477,
        4679269.974850891,
        4149386.2386217494,
        5665048.879466055,
        8319501.306093058,
        5115334.398623948,
        6336405.691296024,
        5400086.775558284,
        5458784.10982812,
        5129096.931447636,
        4317567.775153493,
        3258899.3663759143,
        4556077.761211337,
        6972901.185392293,
        7031239.995385243,
        6775922.138507819,
        9189945.643136313,
        6500631.680646261,
        3316850.7556002433,
        4024789.873199732
    ],
    "losses": [
        0.05252554650801617,
        0.04410009718000562,
        0.042385119122078714,
        0.04197572772129246,
        0.04221608566914893,
        0.04211410671595193,
        0.042094213251836994,
        0.042020469768527274,
        0.04209967201322685,
        0.041613830059296635,
        0.0018469440062985141,
        0.0015628518933840402,
        0.0014264894033295444,
        0.001194377725492634,
        0.001409740188824644,
        0.0014208782625873924,
        0.0013802309987002367,
        0.0011543788408923802,
        0.0011151123915933742,
        0.001112611404705067,
        0.0019019213588927478,
        0.0015719865020160117,
        0.001094610573503857,
        0.0013769952608198976,
        0.0009711471180091721,
        0.0009925658708414005,
        0.0007841896434778933,
        0.000788338707305813,
        0.0007988631019713063,
        0.0009744400863563808,
        0.001016496053168011,
        0.0008032481796194419,
        0.0005622316617239203,
        0.00047768515417565027,
        0.0004897782625694375,
        0.000622810688650201,
        0.0008831774274242431,
        0.0006607891859389926,
        0.0007856616154150202,
        0.0008279783437046093,
        0.0008944780927100979,
        0.0010589622409052288,
        0.0009917067185402637,
        0.0011249060586618006,
        0.0008114848209820325,
        0.0009208721294496093,
        0.0005586149045197544,
        0.0006250315044804723,
        0.0013740188181074527,
        0.0013006936174843572
    ],
    "epsilons": [
        0.03549537564593805,
        0.00998645168764533,
        0.00998645168764533,
        0.00998645168764533,
        0.00998645168764533,
        0.00998645168764533,
        0.00998645168764533,
        0.00998645168764533,
        0.00998645168764533,
        0.00998645168764533,
        0.00998645168764533,
        0.00998645168764533,
        0.00998645168764533,
        0.00998645168764533,
        0.00998645168764533,
        0.00998645168764533,
        0.00998645168764533,
        0.00998645168764533,
        0.00998645168764533,
        0.00998645168764533,
        0.00998645168764533,
        0.00998645168764533,
        0.00998645168764533,
        0.00998645168764533,
        0.00998645168764533,
        0.00998645168764533,
        0.00998645168764533,
        0.00998645168764533,
        0.00998645168764533,
        0.00998645168764533,
        0.00998645168764533,
        0.00998645168764533,
        0.00998645168764533,
        0.00998645168764533,
        0.00998645168764533,
        0.00998645168764533,
        0.00998645168764533,
        0.00998645168764533,
        0.00998645168764533,
        0.00998645168764533,
        0.00998645168764533,
        0.00998645168764533,
        0.00998645168764533,
        0.00998645168764533,
        0.00998645168764533,
        0.00998645168764533,
        0.00998645168764533,
        0.00998645168764533,
        0.00998645168764533,
        0.00998645168764533
    ],
    "sharpe_ratio": 0.2951669335165745
}